date,total_net_inflow,total_value_traded,total_net_assets,cum_net_inflow
2025-10-28,69453766.36,57910600.0,288917340.36,69453766.36
2025-10-29,47943651.12,79502841.0,432292414.39799994,117397417.48
2025-10-30,37328160.15,52711368.0,439969689.916,154725577.63
2025-10-31,44483515.43999995,64814517.0,502040365.91,199209093.06999996
2025-11-03,70052109.02000006,67592918.0,513354082.87200004,269261202.09
2025-11-04,14831172.48,68530150.0,488801393.7,284092374.57
2025-11-05,9703053.45,50806442.0,531354147.924,293795428.02
2025-11-06,29219671.910000004,27945446.0,538379919.834,323015099.93
2025-11-07,12693193.6,46040510.0,575930904.128,335708293.53000003
2025-11-10,6775125.080000011,39634362.0,598360389.246,342483418.61
2025-11-11,7981907.599999988,23524796.0,568353218.268,350465326.21
2025-11-12,18057562.96,35415528.0,574415065.886,368522889.17
2025-11-13,1488605.36,52616926.0,533432970.18,370011494.53
2025-11-14,12038681.200000001,42402980.0,541312769.46,382050175.73
2025-11-17,8260998.7700000005,34654208.0,513475894.37000006,390311174.5
2025-11-18,30091565.424999997,73143355.5,593734899.0649999,420402739.925
2025-11-19,55605392.08,53178401.1,714796006.171,476008132.005
2025-11-20,23663066.93,64485106.43,744635219.342,499671198.935
2025-11-21,10578972.259999998,69865391.7,719453461.879,510250171.195
2025-11-24,57986618.37,62247341.62,843813696.38,568236789.565
2025-11-25,53080024.97,37506411.97,888247734.63,621316814.535
2025-11-26,-8096108.929999992,50614717.83,917990226.41,613220705.605
2025-11-28,5365409.299999996,30007698.93,888253249.354,618586114.905
2025-12-01,-13548712.6,54348603.81,790913259.627,605037402.305
2025-12-02,45773188.585,56714429.4,929704023.122,650810590.89
2025-12-03,-32193714.35,32716434.4,915077484.834,618616876.54
2025-12-04,4589724.65,42389092.31,910069945.474,623206601.19
2025-12-05,15676724.9,27280300.45,877620978.72,638883326.09
2025-12-08,1179297.75,22219724.7,890108266.132,640062623.84
2025-12-09,16542611.679999998,49505875.7,950400539.369,656605235.52
2025-12-10,4853011.250000002,26455033.96,949179997.874,661458246.77
2025-12-11,11024340.649999982,32423793.69,928727483.194,672482587.42
2025-12-12,3598924.8499999996,25343137.18,908246671.349,676081512.27
2025-12-15,35198802.19,51086383.32,898556012.5170001,711280314.46
2025-12-16,3641861.800000018,39526430.0,926326694.4890001,714922176.26
2025-12-17,10985336.31,67215738.48,900409620.954,725907512.57
2025-12-18,13156235.635,77738073.89,876338768.92,739063748.205
2025-12-19,3568661.0,35181262.13,946780078.404,742632409.205
2025-12-22,7466161.8,32654112.33,938434207.566,750098571.005
2025-12-23,4195005.25,28566170.87,940961406.83,754293576.255
2025-12-24,1480338.525,15773606.952,930592100.0740001,755773914.78
2025-12-26,0.0,27918907.89,926375960.99,755773914.78
2025-12-29,2928184.65,18080160.16,936300847.726,758702099.43
2025-12-30,5208531.92,33158303.6,950667821.238,763910631.35
2025-12-31,2289317.66,34399916.2,950818781.942,766199949.01
2026-01-02,9647571.825,34963075.36,1018606704.74,775847520.835
2026-01-05,16242766.651,43283891.33,1090880087.234,792090287.4860001
2026-01-06,9219150.35,57227505.05,1100415397.948,801309437.836
2026-01-07,1969893.53,22214639.74,1077937959.339,803279331.366
2026-01-08,13643436.33,16936943.36,1104106059.032,816922767.696
2026-01-09,0.0,21912807.86,1091194320.096,816922767.696
2026-01-12,10674249.28,36403780.96,1143696398.222,827597016.976
2026-01-13,5911314.149999999,41819909.04,1175325335.282,833508331.126
2026-01-14,23566249.96,53768495.85,1228769543.24,857074581.086
2026-01-15,8942846.675,42558515.78,1188733216.717,866017427.761
2026-01-16,-2218798.25,34578405.3,1211132672.868,863798629.511
2026-01-20,3080610.24,46408376.65,1073881908.672,866879239.751
2026-01-21,2915373.3249999997,45677921.17,1103400220.647,869794613.076
2026-01-22,1707439.9,26454148.88,1088998391.416,871502052.976
2026-01-23,1870201.75,31451538.75,1078040340.902,873372254.726
2026-01-26,2463466.35,35849634.68,1051813278.648,875835721.076
2026-01-27,1865702.4,34069661.16,1079340780.87,877701423.476
2026-01-28,6687280.225,35071436.05,1077605552.461,884388703.701
2026-01-29,-2220589.62,72609391.41,998516537.9660001,882168114.081
2026-01-30,-11241155.65,58450714.92,991618105.954,870926958.431
2026-02-02,5583044.025,51176533.0,882943745.033,876510002.456
2026-02-03,1241254.14,58021149.7,854299737.991,877751256.596
2026-02-04,-6706199.04,61673494.85,789470990.417,871045057.556
2026-02-05,2824872.12,94860843.26,674614251.4430001,873869929.676
2026-02-06,-11863337.07,60367230.49,727970704.085,862006592.6060001
2026-02-09,-14500.7989999999,36536313.5,733177651.6620001,861992091.807
2026-02-10,8430460.7,36832088.5,700207878.215,870422552.507
2026-02-11,478900.74,34244139.71,673986346.307,870901453.247
2026-02-12,2704147.151,27120463.99,656290402.784,873605600.398
2026-02-13,1571572.95,40988397.66,720780107.154,875177173.348
2026-02-17,2193792.25,24215557.66,726227471.671,877370965.598
2026-02-18,2398031.48,20260170.95,697132170.97,879768997.078
2026-02-19,5943638.1,21431385.95,710272051.002,885712635.178
2026-02-20,3777418.6299999994,35490001.99,737442415.2679999,889490053.808
2026-02-23,7985215.4,25168473.28,689292233.948,897475269.2080001
2026-02-24,3777726.0,26109470.95,697120292.051,901252995.208
2026-02-25,30863691.119999997,48618854.27,823721044.394,932116686.328
2026-02-26,507779.15,31800419.37,795501002.771,932624465.478
2026-02-27,1306319.16,25706231.02,753157028.8599999,933930784.638
2026-03-02,17408993.225,67792408.23,826643767.604,951339777.863
2026-03-03,1030415.265,52605768.26,802810362.2759999,952370193.128
2026-03-04,19063688.310000002,121084649.01,900435128.784,971433881.438
2026-03-05,-5227366.88,121081665.0,855791661.706,966206514.558
2026-03-06,-8225456.2,57331206.53,807389035.9239999,957981058.358
2026-03-09,-2484239.0,38103420.28,814374817.534,955496819.358
2026-03-10,0.0,43901484.92,815619883.152,955496819.358
2026-03-11,1663116.96,34086120.34,829553587.868,957159936.318
2026-03-12,3924834.2,24797383.88,824866408.412,961084770.518
2026-03-13,7596435.840000001,41147990.3,855457375.1620001,968681206.358
2026-03-16,2821330.33,50923241.06,918518672.841,971502536.688
2026-03-17,17810741.2,32266024.98,936947561.523,989313277.888
2026-03-18,-295727.0,38776351.61,884456241.3260001,989017550.888
2026-03-19,767014.65,27810027.75,876134367.527,989784565.538
2026-03-20,0.0,41949550.37,874607762.012,989784565.538
2026-03-23,0.0,83539399.59,903062960.533,989784565.538
2026-03-24,4640678.94,47147391.94,881044398.547,994425244.478
2026-03-25,0.0,37480909.66,910282676.143,994425244.478
2026-03-26,-1041039.05,23959170.16,849654261.492,993384205.428
2026-03-27,-7836913.26,45209479.8,809621150.471,985547292.168
2026-03-30,-6174317.5200000005,30001682.44,801913001.398,979372974.648
2026-03-31,0.0,36604108.76,805842889.103,979372974.648
2026-04-01,0.0,42124027.12,818700396.119,979372974.648
2026-04-02,932854.3,36828085.78,771358654.739,980305828.948
2026-04-06,246982.59000000003,24269711.18,798969607.255,980552811.538
2026-04-07,-15402022.454999998,40981245.9,775834937.281,965150789.083
2026-04-08,-1920803.9199999883,23863450.35,793910785.1129999,963229985.163
2026-04-09,0.0,22825230.11,803032173.084,963229985.163
2026-04-10,11453002.0,22034464.0,827713931.275,974682987.163
2026-04-13,0.0,35297263.0,812248384.8970001,974682987.163
2026-04-14,1272973.85,52331096.19,817617358.371,975955961.013
2026-04-15,5364054.419999988,53417719.82,835425285.9300001,981320015.433
2026-04-16,15500258.16,44596286.07,891751520.4229999,996820273.593
2026-04-17,13036344.77,41362237.26,902653960.222,1009856618.363
2026-04-20,3283799.36,19960042.53,872155720.6889999,1013140417.723
2026-04-21,0.0,30994004.86,863179759.887,1013140417.723
2026-04-22,0.0,28578956.93,888370050.7840002,1013140417.723
2026-04-23,7331369.98,47377860.51,874131576.685,1020471787.703
2026-04-24,-1173589.0,58116331.0,883254419.231,1019298198.703
2026-04-27,0.0,19605842.86,861695558.751,1019298198.703
2026-04-28,0.0,22321089.28,857985471.8679999,1019298198.703
2026-04-29,0.0,33342569.82,840780779.72,1019298198.703
2026-04-30,-1239621.978,23514430.89,849481563.449,1018058576.725
2026-05-01,0.0,23703623.44,857722609.586,1018058576.725
2026-05-04,3277885.6,36629620.8,867245288.927,1021336462.325
2026-05-05,1742488.65,42527756.26,887322791.224,1023078950.975
2026-05-06,21301410.65,60908365.63,938237252.901,1044380361.625
2026-05-07,6674942.875,34220736.96,937823522.416,1051055304.5
2026-05-08,6234606.0,57515711.53,987428238.949,1057289910.5
2026-05-11,26572755.764999997,103970779.35,1071076310.685,1083862666.265
2026-05-12,19068987.125,52599455.0,1056978281.885,1102931653.39
2026-05-13,5970062.0,56637562.0,1018306090.29,1108901715.39
2026-05-14,6506302.499999999,46937381.11,1050297830.799,1115408017.89
2026-05-15,0.0,42335451.45,1009058684.119,1115408017.89
2026-05-18,2055206.96,63447791.36,957122882.127,1117463224.85
2026-05-19,3782949.9,30601319.75,957931392.727,1121246174.75
2026-05-20,0.0,34935805.52,976812812.22,1121246174.75
2026-05-21,3856858.875,51038151.67,997409204.866,1125103033.625
2026-05-22,5935385.05,32693425.68,971338722.951,1131038418.675
2026-05-26,0.0,32644736.76,959057022.7899998,1131038418.675
2026-05-27,557157.5,33041684.37,963132015.184,1131595576.175
2026-05-28,484369.15,50322627.2,946575376.614,1132079945.325
2026-05-29,1316739.13,32617262.11,943572639.472,1133396684.455
2026-06-01,0.0,47356071.69,931561057.055,1133396684.455
2026-06-02,6498823.488,73938644.97,875775791.391,1139895507.943
2026-06-03,-12742949.466,57385318.36,826520610.781,1127152558.477
2026-06-04,-278498.0,64625414.58,791099683.347,1126874060.477
2026-06-05,1470602.0,113839308.5,717267531.6819999,1128344662.477
2026-06-08,-471645.7900000002,54065646.01,773314716.343,1126402414.687
2026-06-09,794269.5499999999,57997260.53,748476537.421,1128667286.237
2026-06-10,0.0,55541648.44,729148559.328,1128667286.237
2026-06-11,-4377827.4,38943305.0,762796454.477,1124289458.837
