date,mc_usd
2021-02-03,4.0
2021-02-04,4.0
2021-02-05,4.0
2021-02-06,4.0
2021-02-07,6.0
2021-02-08,6.0
2021-02-09,102602.0
2021-02-10,2687977.0
2021-02-11,3604052.0
2021-02-12,3602551.0
2021-02-13,3596709.0
2021-02-14,3602693.0
2021-02-15,4040806.0
2021-02-16,4406840.0
2021-02-17,4592230.0
2021-02-18,14682308.0
2021-02-19,14464020.0
2021-02-20,14324420.0
2021-02-21,13992204.0
2021-02-22,12304465.0
2021-02-23,11138778.0
2021-02-24,11077556.0
2021-02-25,11332685.0
2021-02-26,11178237.0
2021-02-27,10674503.0
2021-02-28,10827884.0
2021-03-01,10721047.0
2021-03-02,10930473.0
2021-03-03,11566117.0
2021-03-04,11408168.0
2021-03-05,7203397.0
2021-03-06,7010754.0
2021-03-07,7137686.0
2021-03-08,7120637.0
2021-03-09,7129892.0
2021-03-10,7510455.0
2021-03-11,7317408.0
2021-03-12,7371983.0
2021-03-13,7401019.0
2021-03-14,7555744.0
2021-03-15,7556058.0
2021-03-16,7521123.0
2021-03-17,7514409.0
2021-03-18,7465748.0
2021-03-19,7581002.0
2021-03-20,7961943.0
2021-03-21,7882502.0
2021-03-22,7873875.0
2021-03-23,7551965.0
2021-03-24,7425289.0
2021-03-25,7111532.0
2021-03-26,7097818.0
2021-03-27,7388216.0
2021-03-28,6851452.0
2021-03-29,7737702.0
2021-03-30,7889422.0
2021-03-31,7692502.0
2021-04-01,7571595.0
2021-04-02,7571934.0
2021-04-03,7587236.0
2021-04-04,7663906.0
2021-04-05,7687305.0
2021-04-06,7771325.0
2021-04-07,8069956.0
2021-04-08,8246983.0
2021-04-09,8279441.0
2021-04-10,8265193.0
2021-04-11,8182297.0
2021-04-12,7925759.0
2021-04-13,7498272.0
2021-04-14,7470116.0
2021-04-15,7817906.0
2021-04-16,7815015.0
2021-04-17,7374857.0
2021-04-18,7235055.0
2021-04-19,6965071.0
2021-04-20,6958658.0
2021-04-21,6987122.0
2021-04-22,6630577.0
2021-04-23,6679744.0
2021-04-24,6673387.0
2021-04-25,6661689.0
2021-04-26,6503273.0
2021-04-27,6793035.0
2021-04-28,6779410.0
2021-04-29,6806050.0
2021-04-30,6542035.0
2021-05-01,6879268.0
2021-05-02,7244860.0
2021-05-03,7338019.0
2021-05-04,7827655.0
2021-05-05,7870155.0
2021-05-06,8518898.0
2021-05-07,10748282.0
2021-05-08,12265562.0
2021-05-09,14600179.0
2021-05-10,14199052.0
2021-05-11,14234643.0
2021-05-12,13865139.0
2021-05-13,12709028.0
2021-05-14,11923880.0
2021-05-15,11801396.0
2021-05-16,12843648.0
2021-05-17,12294044.0
2021-05-18,12642246.0
2021-05-19,11885185.0
2021-05-20,11612007.0
2021-05-21,11768051.0
2021-05-22,11141717.0
2021-05-23,10208257.0
2021-05-24,10190464.0
2021-05-25,10194061.0
2021-05-26,10184012.0
2021-05-27,9498111.0
2021-05-28,9599327.0
2021-05-29,9278629.0
2021-05-30,9210299.0
2021-05-31,8740379.0
2021-06-01,8709486.0
2021-06-02,8708290.0
2021-06-03,8597784.0
2021-06-04,8692811.0
2021-06-05,8615444.0
2021-06-06,8615443.0
2021-06-07,8631312.0
2021-06-08,8370632.0
2021-06-09,8265155.0
2021-06-10,8145911.0
2021-06-11,8044506.0
2021-06-12,7937719.0
2021-06-13,7947418.0
2021-06-14,7895946.0
2021-06-15,7903569.0
2021-06-16,7792060.0
2021-06-17,7702431.0
2021-06-18,7713580.0
2021-06-19,7630241.0
2021-06-20,7650064.0
2021-06-21,7595180.0
2021-06-22,7461751.0
2021-06-23,7423853.0
2021-06-24,7401380.0
2021-06-25,7338096.0
2021-06-26,7112324.0
2021-06-27,7173866.0
2021-06-28,7182464.0
2021-06-29,7153182.0
2021-06-30,7132016.0
2021-07-01,7179516.0
2021-07-02,7179238.0
2021-07-03,7180784.0
2021-07-04,7156855.0
2021-07-05,7194125.0
2021-07-06,7371531.0
2021-07-07,7464336.0
2021-07-08,7461117.0
2021-07-09,7469504.0
2021-07-10,7404389.0
2021-07-11,7346658.0
2021-07-12,7338043.0
2021-07-13,7379676.0
2021-07-14,7383449.0
2021-07-15,7377421.0
2021-07-16,7451222.0
2021-07-17,7415217.0
2021-07-18,7444527.0
2021-07-19,7459365.0
2021-07-20,7612983.0
2021-07-21,7873051.0
2021-07-22,7930181.0
2021-07-23,588676.0
2021-07-24,7995055.0
2021-07-25,7999248.0
2021-07-26,7554455.0
2021-07-27,7560989.0
2021-07-28,7603479.0
2021-07-29,7700927.0
2021-07-30,7733674.0
2021-07-31,7722034.0
2021-08-01,7753738.0
2021-08-02,7838412.0
2021-08-03,8091412.0
2021-08-04,8250759.0
2021-08-05,8028540.0
2021-08-06,8053543.0
2021-08-07,7978648.0
2021-08-08,8014014.0
2021-08-09,8098228.0
2021-08-10,8206913.0
2021-08-11,8226269.0
2021-08-12,8223610.0
2021-08-13,8497453.0
2021-08-14,8560194.0
2021-08-15,8720210.0
2021-08-16,9071051.0
2021-08-17,11601046.0
2021-08-18,13960706.0
2021-08-19,29343337.0
2021-08-20,61278123.0
2021-08-21,144715453.0
2021-08-22,160430925.0
2021-08-23,188395782.0
2021-08-24,266236270.0
2021-08-25,340646846.0
2021-08-26,351160784.0
2021-08-27,408637115.0
2021-08-28,457757991.0
2021-08-29,473115158.0
2021-08-30,477468357.0
2021-08-31,505730858.0
2021-09-01,507994854.0
2021-09-02,478168256.0
2021-09-03,487682838.0
2021-09-04,493391218.0
2021-09-05,487443349.0
2021-09-06,474497794.0
2021-09-07,440511467.0
2021-09-08,493168887.0
2021-09-09,485558566.0
2021-09-10,498426120.0
2021-09-11,492052302.0
2021-09-12,530573969.0
2021-09-13,555205924.0
2021-09-14,575454400.0
2021-09-15,609054287.0
2021-09-16,631215073.0
2021-09-17,671454089.0
2021-09-18,719129283.0
2021-09-19,782556211.0
2021-09-20,823994927.0
2021-09-21,773791461.0
2021-09-22,775335763.0
2021-09-23,830974295.0
2021-09-24,970873512.0
2021-09-25,984236299.0
2021-09-26,986110775.0
2021-09-27,991599709.0
2021-09-28,996478599.0
2021-09-29,1009886608.0
2021-09-30,1016598679.0
2021-10-01,1020724502.0
2021-10-02,1026039670.0
2021-10-03,1028808953.0
2021-10-04,1036766184.0
2021-10-05,1009763496.0
2021-10-06,1071616000.0
2021-10-07,1019343843.0
2021-10-08,1039546546.0
2021-10-09,1114288271.0
2021-10-10,1166499481.0
2021-10-11,1223375494.0
2021-10-12,1246710694.0
2021-10-13,1427243002.0
2021-10-14,1499437804.0
2021-10-15,1495670435.0
2021-10-16,1431705656.0
2021-10-17,1416969158.0
2021-10-18,1401039192.0
2021-10-19,1442938124.0
2021-10-20,1435290023.0
2021-10-21,1440503816.0
2021-10-22,1475052766.0
2021-10-23,1503978713.0
2021-10-24,1459837336.0
2021-10-25,1454833325.0
2021-10-26,1541042928.0
2021-10-27,1525275076.0
2021-10-28,1537881942.0
2021-10-29,1528543111.0
2021-10-30,1540379207.0
2021-10-31,1526986950.0
2021-11-01,1505854976.0
2021-11-02,1508555795.0
2021-11-03,1459415316.0
2021-11-04,1501992912.0
2021-11-05,1496674759.0
2021-11-06,1502045533.0
2021-11-07,1534033652.0
2021-11-08,1618620344.0
2021-11-09,1908534248.0
2021-11-10,1898394948.0
2021-11-11,1862564368.0
2021-11-12,1875103045.0
2021-11-13,1917370413.0
2021-11-14,1914547086.0
2021-11-15,1932303325.0
2021-11-16,2039956566.0
2021-11-17,2176551257.0
2021-11-18,2299424152.0
2021-11-19,2311571343.0
2021-11-20,2434655423.0
2021-11-21,2531445047.0
2021-11-22,2615881566.0
2021-11-23,2705416158.0
2021-11-24,2865634698.0
2021-11-25,3078661956.0
2021-11-26,3045520202.0
2021-11-27,3084539378.0
2021-11-28,3120191977.0
2021-11-29,3107075369.0
2021-11-30,3125143422.0
2021-12-01,3133955524.0
2021-12-02,3264608484.0
2021-12-03,3270950008.0
2021-12-04,3269795372.0
2021-12-05,3286317664.0
2021-12-06,3309792770.0
2021-12-07,3365277582.0
2021-12-08,3398496176.0
2021-12-09,3418211473.0
2021-12-10,3482876056.0
2021-12-11,3329865891.0
2021-12-12,3325680975.0
2021-12-13,3317639119.0
2021-12-14,3293763892.0
2021-12-15,3348585423.0
2021-12-16,3202124479.0
2021-12-17,3236548807.0
2021-12-18,3346806241.0
2021-12-19,3381274431.0
2021-12-20,3424974739.0
2021-12-21,3471779765.0
2021-12-22,3487667095.0
2021-12-23,3480501825.0
2021-12-24,3463831518.0
2021-12-25,3450592023.0
2021-12-26,3448901598.0
2021-12-27,3454899406.0
2021-12-28,3423803895.0
2021-12-29,3403227635.0
2021-12-30,3404688217.0
2021-12-31,3423847088.0
2022-01-01,3388200990.0
2022-01-02,3422450623.0
2022-01-03,3435135569.0
2022-01-04,3440395063.0
2022-01-05,3415491452.0
2022-01-06,3350138265.0
2022-01-07,3383883838.0
2022-01-08,3374361975.0
2022-01-09,3340277524.0
2022-01-10,3353795509.0
2022-01-11,3348823582.0
2022-01-12,3350938971.0
2022-01-13,3356074709.0
2022-01-14,3446725390.0
2022-01-15,3505370216.0
2022-01-16,3747845020.0
2022-01-17,3735083826.0
2022-01-18,3750947630.0
2022-01-19,3714819407.0
2022-01-20,3743600740.0
2022-01-21,3668338187.0
2022-01-22,3540557744.0
2022-01-23,3465040577.0
2022-01-24,3364240472.0
2022-01-25,3327710190.0
2022-01-26,3354520792.0
2022-01-27,3368786244.0
2022-01-28,3302793493.0
2022-01-29,3273682829.0
2022-01-30,3303566159.0
2022-01-31,3397688245.0
2022-02-01,3438419545.0
2022-02-02,3567201357.0
2022-02-03,3578008406.0
2022-02-04,3838609091.0
2022-02-05,3829489912.0
2022-02-06,3814345604.0
2022-02-07,3853096903.0
2022-02-08,3934577917.0
2022-02-09,4043719693.0
2022-02-10,4056178940.0
2022-02-11,4076660900.0
2022-02-12,4173798402.0
2022-02-13,4190010022.0
2022-02-14,4208818164.0
2022-02-15,4159126609.0
2022-02-16,4203230402.0
2022-02-17,4262764646.0
2022-02-18,4279469135.0
2022-02-19,4317567531.0
2022-02-20,4328773426.0
2022-02-21,4357615331.0
2022-02-22,4353710195.0
2022-02-23,4506655624.0
2022-02-24,4415045186.0
2022-02-25,4349159483.0
2022-02-26,4314792545.0
2022-02-27,4315971235.0
2022-02-28,4451869382.0
2022-03-01,4546908048.0
2022-03-02,4547618344.0
2022-03-03,4582166933.0
2022-03-04,4584730368.0
2022-03-05,4600435661.0
2022-03-06,4598027774.0
2022-03-07,4613993303.0
2022-03-08,4617385092.0
2022-03-09,4644805222.0
2022-03-10,4633888854.0
2022-03-11,4637276057.0
2022-03-12,4640905986.0
2022-03-13,4672060597.0
2022-03-14,4679733410.0
2022-03-15,4667788585.0
2022-03-16,4656635849.0
2022-03-17,4637664481.0
2022-03-18,4653159390.0
2022-03-19,4640220081.0
2022-03-20,4676960816.0
2022-03-21,4700609999.0
2022-03-22,4667544046.0
2022-03-23,4531613215.0
2022-03-24,4350034603.0
2022-03-25,4400252274.0
2022-03-26,4340452178.0
2022-03-27,4356903211.0
2022-03-28,4460484326.0
2022-03-29,4428684842.0
2022-03-30,4488582702.0
2022-03-31,4528546449.0
2022-04-01,4531666546.0
2022-04-02,4495619728.0
2022-04-03,4497445303.0
2022-04-04,4547082846.0
2022-04-05,4552784133.0
2022-04-06,4548959415.0
2022-04-07,4527007114.0
2022-04-08,4485669086.0
2022-04-09,4530208433.0
2022-04-10,4555512780.0
2022-04-11,4586716674.0
2022-04-12,4558611786.0
2022-04-13,4594018571.0
2022-04-14,4555466412.0
2022-04-15,4473560162.0
2022-04-16,4479831724.0
2022-04-17,4642874208.0
2022-04-18,4602854095.0
2022-04-19,4619840169.0
2022-04-20,4662801072.0
2022-04-21,4634526506.0
2022-04-22,4630942244.0
2022-04-23,4579836354.0
2022-04-24,4544009889.0
2022-04-25,4466815053.0
2022-04-26,4353429998.0
2022-04-27,4293813724.0
2022-04-28,4497235305.0
2022-04-29,4519503190.0
2022-04-30,4515214236.0
2022-05-01,4565606762.0
2022-05-02,4537279642.0
2022-05-03,4434807269.0
2022-05-04,4405023987.0
2022-05-05,4381884943.0
2022-05-06,4288682172.0
2022-05-07,4249657314.0
2022-05-08,4256383386.0
2022-05-09,4261328749.0
2022-05-10,4156941043.0
2022-05-11,4117895309.0
2022-05-12,3514690103.0
2022-05-13,3434031594.0
2022-05-14,3440928698.0
2022-05-15,3531359144.0
2022-05-16,3523536382.0
2022-05-17,3501683791.0
2022-05-18,3440123399.0
2022-05-19,3423520027.0
2022-05-20,3481217916.0
2022-05-21,3498113831.0
2022-05-22,3465933291.0
2022-05-23,3452499765.0
2022-05-24,3379566692.0
2022-05-25,3402238113.0
2022-05-26,3352513450.0
2022-05-27,3389257896.0
2022-05-28,3392043734.0
2022-05-29,3392775596.0
2022-05-30,3399786690.0
2022-05-31,3398856832.0
2022-06-01,3368886437.0
2022-06-02,3337555090.0
2022-06-03,3287049259.0
2022-06-04,3298744663.0
2022-06-05,3291531767.0
2022-06-06,3308949699.0
2022-06-07,3259237885.0
2022-06-08,3254515543.0
2022-06-09,3270353010.0
2022-06-10,3270762618.0
2022-06-11,3303203941.0
2022-06-12,3318140490.0
2022-06-13,3303767014.0
2022-06-14,3153849729.0
2022-06-15,3050667535.0
2022-06-16,2921683226.0
2022-06-17,2914134102.0
2022-06-18,2902700590.0
2022-06-19,2890498339.0
2022-06-20,2887227030.0
2022-06-21,2881220768.0
2022-06-22,2892897314.0
2022-06-23,2898819621.0
2022-06-24,2906579474.0
2022-06-25,2888554384.0
2022-06-26,2894283779.0
2022-06-27,2902249859.0
2022-06-28,2892479360.0
2022-06-29,2877673922.0
2022-06-30,2864398524.0
2022-07-01,2865235512.0
2022-07-02,2898919365.0
2022-07-03,2898281150.0
2022-07-04,2895492691.0
2022-07-05,2908788609.0
2022-07-06,2946755877.0
2022-07-07,2928673458.0
2022-07-08,2956345710.0
2022-07-09,2964559726.0
2022-07-10,2965640552.0
2022-07-11,2964226944.0
2022-07-12,2970533770.0
2022-07-13,2966324612.0
2022-07-14,2965738703.0
2022-07-15,2961802766.0
2022-07-16,2953419840.0
2022-07-17,2956488891.0
2022-07-18,2953567581.0
2022-07-19,2987643118.0
2022-07-20,3040042851.0
2022-07-21,3053275627.0
2022-07-22,3050945335.0
2022-07-23,3098618856.0
2022-07-24,3103948235.0
2022-07-25,3106471273.0
2022-07-26,3085987773.0
2022-07-27,3096799044.0
2022-07-28,3114177959.0
2022-07-29,2710589839.0
2022-07-30,2646274275.0
2022-07-31,2598542335.0
2022-08-01,2612210505.0
2022-08-02,2611145705.0
2022-08-03,2590649207.0
2022-08-04,2629384523.0
2022-08-05,2664273325.0
2022-08-06,2666624117.0
2022-08-07,2640693840.0
2022-08-08,2630876974.0
2022-08-09,2571911110.0
2022-08-10,2541681011.0
2022-08-11,2510759858.0
2022-08-12,2500286372.0
2022-08-13,2496829715.0
2022-08-14,2493254853.0
2022-08-15,2463455870.0
2022-08-16,2445128048.0
2022-08-17,2454357860.0
2022-08-18,2455225940.0
2022-08-19,2467963854.0
2022-08-20,2466559223.0
2022-08-21,2470804319.0
2022-08-22,2483297326.0
2022-08-23,2434540768.0
2022-08-24,2445396176.0
2022-08-25,2448936493.0
2022-08-26,2473638659.0
2022-08-27,2475926610.0
2022-08-28,2470529934.0
2022-08-29,2461469298.0
2022-08-30,2431826249.0
2022-08-31,2365214847.0
2022-09-01,2368681009.0
2022-09-02,2386738472.0
2022-09-03,2340553669.0
2022-09-04,2325980145.0
2022-09-05,2326594641.0
2022-09-06,2311928353.0
2022-09-07,2308728094.0
2022-09-08,2276570205.0
2022-09-09,2256803716.0
2022-09-10,2239871367.0
2022-09-11,2232303869.0
2022-09-12,2228401431.0
2022-09-13,2227366297.0
2022-09-14,2224857477.0
2022-09-15,2228193515.0
2022-09-16,2210752723.0
2022-09-17,2221690516.0
2022-09-18,2218509337.0
2022-09-19,2215738972.0
2022-09-20,2214175968.0
2022-09-21,2212590287.0
2022-09-22,2215275348.0
2022-09-23,2200390500.0
2022-09-24,2206240279.0
2022-09-25,2205757312.0
2022-09-26,2203163522.0
2022-09-27,2207805739.0
2022-09-28,2206312757.0
2022-09-29,2181019231.0
2022-09-30,2190543131.0
2022-10-01,2192270986.0
2022-10-02,2194606920.0
2022-10-03,2184950543.0
2022-10-04,2185974231.0
2022-10-05,2187978172.0
2022-10-06,2134645225.0
2022-10-07,2128741424.0
2022-10-08,2120257386.0
2022-10-09,2115914106.0
2022-10-10,2116138108.0
2022-10-11,2114924268.0
2022-10-12,2114798499.0
2022-10-13,2111003482.0
2022-10-14,2109355271.0
2022-10-15,2037785970.0
2022-10-16,2035344577.0
2022-10-17,2034128289.0
2022-10-18,2030496022.0
2022-10-19,1976912075.0
2022-10-20,1975256228.0
2022-10-21,1947508441.0
2022-10-22,1942042552.0
2022-10-23,1943882285.0
2022-10-24,1943973926.0
2022-10-25,1944076506.0
2022-10-26,1907430737.0
2022-10-27,1901325406.0
2022-10-28,1893880120.0
2022-10-29,1897415084.0
2022-10-30,1887364737.0
2022-10-31,1886385803.0
2022-11-01,1866446430.0
2022-11-02,1857703919.0
2022-11-03,1896657520.0
2022-11-04,1900864579.0
2022-11-05,1892099471.0
2022-11-06,1893179768.0
2022-11-07,1904194636.0
2022-11-08,1935982570.0
2022-11-09,1922549545.0
2022-11-10,1901274433.0
2022-11-11,1886512538.0
2022-11-12,1893551756.0
2022-11-13,1895565964.0
2022-11-14,1895572714.0
2022-11-15,1888768864.0
2022-11-16,1887146749.0
2022-11-17,1877848918.0
2022-11-18,1878856731.0
2022-11-19,1888282424.0
2022-11-20,1884580478.0
2022-11-21,1874195120.0
2022-11-22,1959285349.0
2022-11-23,1934802190.0
2022-11-24,1914721457.0
2022-11-25,1917073265.0
2022-11-26,1918449177.0
2022-11-27,1918232956.0
2022-11-28,1918613129.0
2022-11-29,1821943801.0
2022-11-30,1812761522.0
2022-12-01,1805864030.0
2022-12-02,1799220773.0
2022-12-03,1800900046.0
2022-12-04,1800723895.0
2022-12-05,1801343642.0
2022-12-06,1829385175.0
2022-12-07,1833024086.0
2022-12-08,1831913150.0
2022-12-09,1828352776.0
2022-12-10,1826828061.0
2022-12-11,1829376695.0
2022-12-12,1926891077.0
2022-12-13,1822379538.0
2022-12-14,1805466620.0
2022-12-15,1772045628.0
2022-12-16,1693081808.0
2022-12-17,1700362155.0
2022-12-18,1702930575.0
2022-12-19,1702383767.0
2022-12-20,1692216270.0
2022-12-21,1687432582.0
2022-12-22,1686714277.0
2022-12-23,1678022433.0
2022-12-24,1653317454.0
2022-12-25,1638709918.0
2022-12-26,1562539518.0
2022-12-27,1560192130.0
2022-12-28,1562733098.0
2022-12-29,1566879188.0
2022-12-30,1570090020.0
2022-12-31,1562571908.0
2023-01-01,1574510148.0
2023-01-02,1573992442.0
2023-01-03,1573120077.0
2023-01-04,1570668223.0
2023-01-05,1570576577.0
2023-01-06,1569162002.0
2023-01-07,1567028233.0
2023-01-08,1566405827.0
2023-01-09,1566266573.0
2023-01-10,1560315474.0
2023-01-11,1558533064.0
2023-01-12,1558844969.0
2023-01-13,1548221292.0
2023-01-14,1542765249.0
2023-01-15,1542298186.0
2023-01-16,1535490725.0
2023-01-17,1517743125.0
2023-01-18,1518051340.0
2023-01-19,1528564569.0
2023-01-20,1544217076.0
2023-01-21,1540341726.0
2023-01-22,1538288623.0
2023-01-23,1536639981.0
2023-01-24,1536670145.0
2023-01-25,1526431627.0
2023-01-26,1514663350.0
2023-01-27,1499633329.0
2023-01-28,1504228630.0
2023-01-29,1499557601.0
2023-01-30,1502594242.0
2023-01-31,1513203652.0
2023-02-01,1514070500.0
2023-02-02,1512694678.0
2023-02-03,1509239494.0
2023-02-04,1501559883.0
2023-02-05,1502845826.0
2023-02-06,1498080991.0
2023-02-07,1495417474.0
2023-02-08,1496691867.0
2023-02-09,1497771583.0
2023-02-10,1492435171.0
2023-02-11,1496010785.0
2023-02-12,1491059907.0
2023-02-13,1490536968.0
2023-02-14,1482645958.0
2023-02-15,1475000150.0
2023-02-16,1457325011.0
2023-02-17,1513238729.0
2023-02-18,1517285111.0
2023-02-19,1514663657.0
2023-02-20,1514135408.0
2023-02-21,1508154868.0
2023-02-22,1523877201.0
2023-02-23,1510617224.0
2023-02-24,1444156596.0
2023-02-25,1508444461.0
2023-02-26,1501040988.0
2023-02-27,1500790404.0
2023-02-28,1498930995.0
2023-03-01,1498889862.0
2023-03-02,1490502589.0
2023-03-03,1498745376.0
2023-03-04,1500702407.0
2023-03-05,1500472973.0
2023-03-06,1503499709.0
2023-03-07,1503883401.0
2023-03-08,1499712677.0
2023-03-09,1486276395.0
2023-03-10,1477084705.0
2023-03-11,1465644955.0
2023-03-12,1405383478.0
2023-03-13,1434240960.0
2023-03-14,1439277524.0
2023-03-15,1398829926.0
2023-03-16,1374811038.0
2023-03-17,1361818668.0
2023-03-18,1350984397.0
2023-03-19,1356370224.0
2023-03-20,1354386300.0
2023-03-21,1300698659.0
2023-03-22,1265312315.0
2023-03-23,1257312091.0
2023-03-24,1302578218.0
2023-03-25,1308740123.0
2023-03-26,1309994138.0
2023-03-27,1302522572.0
2023-03-28,1306411475.0
2023-03-29,1303744927.0
2023-03-30,1299812918.0
2023-03-31,1283877519.0
2023-04-01,1283431427.0
2023-04-02,1284548141.0
2023-04-03,1290350644.0
2023-04-04,1294237582.0
2023-04-05,1294730922.0
2023-04-06,1289324379.0
2023-04-07,1301169935.0
2023-04-08,1285900159.0
2023-04-09,1289709560.0
2023-04-10,1277432245.0
2023-04-11,1278196130.0
2023-04-12,1277123083.0
2023-04-13,1269234448.0
2023-04-14,1274077493.0
2023-04-15,1267470393.0
2023-04-16,1267920382.0
2023-04-17,1277095023.0
2023-04-18,1297047437.0
2023-04-19,1291489739.0
2023-04-20,1274276725.0
2023-04-21,1274659734.0
2023-04-22,1280418962.0
2023-04-23,1303063528.0
2023-04-24,1306397194.0
2023-04-25,1318942343.0
2023-04-26,1313846324.0
2023-04-27,1316103509.0
2023-04-28,1319924584.0
2023-04-29,1317620518.0
2023-04-30,1310118277.0
2023-05-01,1304930457.0
2023-05-02,1296321576.0
2023-05-03,1295217679.0
2023-05-04,1297905153.0
2023-05-05,1295536512.0
2023-05-06,1292567006.0
2023-05-07,1291184549.0
2023-05-08,1274870679.0
2023-05-09,1262313083.0
2023-05-10,1264517655.0
2023-05-11,1260112765.0
2023-05-12,1268228045.0
2023-05-13,1286648907.0
2023-05-14,1286525256.0
2023-05-15,1286229786.0
2023-05-16,1289837141.0
2023-05-17,1289014160.0
2023-05-18,1291585637.0
2023-05-19,1308004314.0
2023-05-20,1321497842.0
2023-05-21,1322949224.0
2023-05-22,1321297699.0
2023-05-23,1322733299.0
2023-05-24,1336722516.0
2023-05-25,1341437894.0
2023-05-26,1351545405.0
2023-05-27,1374225449.0
2023-05-28,1374647121.0
2023-05-29,1381322539.0
2023-05-30,1375254884.0
2023-05-31,1379381151.0
2023-06-01,1384576237.0
2023-06-02,1383327292.0
2023-06-03,1375996701.0
2023-06-04,1375593920.0
2023-06-05,1380135784.0
2023-06-06,1385228843.0
2023-06-07,1407989326.0
2023-06-08,1368508058.0
2023-06-09,1368959943.0
2023-06-10,1358082840.0
2023-06-11,1360218721.0
2023-06-12,1359500534.0
2023-06-13,1359731578.0
2023-06-14,1374844162.0
2023-06-15,1383581039.0
2023-06-16,1389249031.0
2023-06-17,1391079154.0
2023-06-18,1391255095.0
2023-06-19,1395227988.0
2023-06-20,1390051794.0
2023-06-21,1387538972.0
2023-06-22,1399058892.0
2023-06-23,1404300266.0
2023-06-24,1405632272.0
2023-06-25,1407952617.0
2023-06-26,1402578418.0
2023-06-27,1383571666.0
2023-06-28,1385315240.0
2023-06-29,1378209519.0
2023-06-30,1377391148.0
2023-07-01,1377692225.0
2023-07-02,1376233715.0
2023-07-03,1371109168.0
2023-07-04,1363313401.0
2023-07-05,1377063563.0
2023-07-06,1378766801.0
2023-07-07,1376072766.0
2023-07-08,1368985735.0
2023-07-09,1365197676.0
2023-07-10,1363873141.0
2023-07-11,1365625443.0
2023-07-12,1349258385.0
2023-07-13,1340352803.0
2023-07-14,1340228037.0
2023-07-15,1339716753.0
2023-07-16,1338901223.0
2023-07-17,1341659711.0
2023-07-18,1333171004.0
2023-07-19,1332001202.0
2023-07-20,1344506405.0
2023-07-21,1343581266.0
2023-07-22,1345620233.0
2023-07-23,1340039941.0
2023-07-24,1336107455.0
2023-07-25,1329268151.0
2023-07-26,1328496435.0
2023-07-27,1341029052.0
2023-07-28,1334070911.0
2023-07-29,1327996251.0
2023-07-30,1326625722.0
2023-07-31,1326979446.0
2023-08-01,1324261011.0
2023-08-02,1327367076.0
2023-08-03,1328302813.0
2023-08-04,1326809362.0
2023-08-05,1328418382.0
2023-08-06,1328420888.0
2023-08-07,1328202928.0
2023-08-08,1332005026.0
2023-08-09,1333409897.0
2023-08-10,1336300459.0
2023-08-11,1345984897.0
2023-08-12,1351789473.0
2023-08-13,1351543850.0
2023-08-14,1351300727.0
2023-08-15,1317479944.0
2023-08-16,1310764119.0
2023-08-17,1317847511.0
2023-08-18,1334049021.0
2023-08-19,1321725648.0
2023-08-20,1323115222.0
2023-08-21,1314247988.0
2023-08-22,1315116138.0
2023-08-23,1315795857.0
2023-08-24,1298374873.0
2023-08-25,1277272037.0
2023-08-26,1259739692.0
2023-08-27,1256017264.0
2023-08-28,1258500013.0
2023-08-29,1271933638.0
2023-08-30,1277569182.0
2023-08-31,1276890704.0
2023-09-01,1277537930.0
2023-09-02,1282224670.0
2023-09-03,1278398406.0
2023-09-04,1275966485.0
2023-09-05,1274804794.0
2023-09-06,1269851473.0
2023-09-07,1270247968.0
2023-09-08,1263554350.0
2023-09-09,1268454301.0
2023-09-10,1265864336.0
2023-09-11,1266120531.0
2023-09-12,1266401738.0
2023-09-13,1263308582.0
2023-09-14,1264657477.0
2023-09-15,1268452562.0
2023-09-16,1269211921.0
2023-09-17,1269598921.0
2023-09-18,1269385982.0
2023-09-19,1270626513.0
2023-09-20,1274018975.0
2023-09-21,1276910330.0
2023-09-22,1274912745.0
2023-09-23,1278563304.0
2023-09-24,1278149184.0
2023-09-25,1277585733.0
2023-09-26,1278904876.0
2023-09-27,1274992700.0
2023-09-28,1291939116.0
2023-09-29,1287191760.0
2023-09-30,1276404884.0
2023-10-01,1271562018.0
2023-10-02,1269112063.0
2023-10-03,1274200221.0
2023-10-04,1273954439.0
2023-10-05,1270273789.0
2023-10-06,1271770990.0
2023-10-07,1292398704.0
2023-10-08,1291299361.0
2023-10-09,1290243883.0
2023-10-10,1290506534.0
2023-10-11,1286210601.0
2023-10-12,1285009992.0
2023-10-13,1285233681.0
2023-10-14,1290370088.0
2023-10-15,1289925495.0
2023-10-16,1289153869.0
2023-10-17,1281882689.0
2023-10-18,1261030396.0
2023-10-19,1247046549.0
2023-10-20,1246473843.0
2023-10-21,1243890069.0
2023-10-22,1243707907.0
2023-10-23,1242630258.0
2023-10-24,1237541531.0
2023-10-25,1231553766.0
2023-10-26,1235166153.0
2023-10-27,1234739546.0
2023-10-28,1232415087.0
2023-10-29,1228147719.0
2023-10-30,1228116080.0
2023-10-31,1230881056.0
2023-11-01,1222852513.0
2023-11-02,1224293505.0
2023-11-03,1205686959.0
2023-11-04,1193681320.0
2023-11-05,1194195094.0
2023-11-06,1186853025.0
2023-11-07,1162838301.0
2023-11-08,1135909304.0
2023-11-09,1131056749.0
2023-11-10,1127721948.0
2023-11-11,1124415747.0
2023-11-12,1123402794.0
2023-11-13,1122122137.0
2023-11-14,1122595767.0
2023-11-15,1122775113.0
2023-11-16,1125898685.0
2023-11-17,1127007303.0
2023-11-18,1121577277.0
2023-11-19,1121767871.0
2023-11-20,1116661006.0
2023-11-21,1116492646.0
2023-11-22,1113970441.0
2023-11-23,1114868295.0
2023-11-24,1112524695.0
2023-11-25,1109430162.0
2023-11-26,1101534878.0
2023-11-27,1103303845.0
2023-11-28,1103612799.0
2023-11-29,1100437805.0
2023-11-30,1104511802.0
2023-12-01,1104822731.0
2023-12-02,1107597752.0
2023-12-03,1105621550.0
2023-12-04,1102929096.0
2023-12-05,1101100511.0
2023-12-06,1104560072.0
2023-12-07,1108222398.0
2023-12-08,1109903122.0
2023-12-09,1115290054.0
2023-12-10,1123563443.0
2023-12-11,1118346352.0
2023-12-12,1115362226.0
2023-12-13,1121564469.0
2023-12-14,1128897497.0
2023-12-15,1134245992.0
2023-12-16,1137568017.0
2023-12-17,1137713639.0
2023-12-18,1139571606.0
2023-12-19,1141889882.0
2023-12-20,1141974716.0
2023-12-21,1137315576.0
2023-12-22,1141934616.0
2023-12-23,1146976150.0
2023-12-24,1147874069.0
2023-12-25,1139972152.0
2023-12-26,1138587487.0
2023-12-27,1127991386.0
2023-12-28,1124027024.0
2023-12-29,1126807849.0
2023-12-30,1151378138.0
2023-12-31,1146162176.0
2024-01-01,1144067964.0
2024-01-02,1147493215.0
2024-01-03,1142155123.0
2024-01-04,1153563146.0
2024-01-05,1158489720.0
2024-01-06,1164240337.0
2024-01-07,1158604604.0
2024-01-08,1160868845.0
2024-01-09,1183201952.0
2024-01-10,1175360795.0
2024-01-11,1183603335.0
2024-01-12,1190081440.0
2024-01-13,1168584825.0
2024-01-14,1168854150.0
2024-01-15,1168369285.0
2024-01-16,1149403434.0
2024-01-17,1155855519.0
2024-01-18,1154363248.0
2024-01-19,1157233296.0
2024-01-20,1155908886.0
2024-01-21,1155973854.0
2024-01-22,1152964672.0
2024-01-23,1152719419.0
2024-01-24,1161026598.0
2024-01-25,1162736136.0
2024-01-26,1160419078.0
2024-01-27,1155368740.0
2024-01-28,1153189994.0
2024-01-29,1152105407.0
2024-01-30,1158875093.0
2024-01-31,1154618228.0
2024-02-01,1145339257.0
2024-02-02,1150079971.0
2024-02-03,1156514181.0
2024-02-04,1146128219.0
2024-02-05,1143450129.0
2024-02-06,1138286039.0
2024-02-07,1138933086.0
2024-02-08,1135688904.0
2024-02-09,1139237807.0
2024-02-10,1147786118.0
2024-02-11,1151448280.0
2024-02-12,1154314755.0
2024-02-13,1205920995.0
2024-02-14,1216669100.0
2024-02-15,1237392120.0
2024-02-16,1230682136.0
2024-02-17,1241002515.0
2024-02-18,1240876520.0
2024-02-19,1234686789.0
2024-02-20,1231228551.0
2024-02-21,1263083896.0
2024-02-22,1268183819.0
2024-02-23,1201748389.0
2024-02-24,1204593494.0
2024-02-25,1198973528.0
2024-02-26,1197555478.0
2024-02-27,1228014862.0
2024-02-28,1270109301.0
2024-02-29,1292693814.0
2024-03-01,1323031037.0
2024-03-02,1319299580.0
2024-03-03,1314388845.0
2024-03-04,1320535136.0
2024-03-05,1226049291.0
2024-03-06,1234065409.0
2024-03-07,1248700066.0
2024-03-08,1253989840.0
2024-03-09,1296350459.0
2024-03-10,1292886887.0
2024-03-11,1280155777.0
2024-03-12,1309717259.0
2024-03-13,1351424643.0
2024-03-14,1353166848.0
2024-03-15,1354839323.0
2024-03-16,1351598679.0
2024-03-17,1340019260.0
2024-03-18,1336204283.0
2024-03-19,1367904046.0
2024-03-20,1391973563.0
2024-03-21,1382675843.0
2024-03-22,1372724972.0
2024-03-23,1374232807.0
2024-03-24,1369760925.0
2024-03-25,1361898633.0
2024-03-26,1411733415.0
2024-03-27,1448392609.0
2024-03-28,1528114188.0
2024-03-29,1543918219.0
2024-03-30,1570037883.0
2024-03-31,1574534221.0
2024-04-01,1571069313.0
2024-04-02,1565263208.0
2024-04-03,1630541125.0
2024-04-04,1689617120.0
2024-04-05,1702737170.0
2024-04-06,1745860005.0
2024-04-07,1736162294.0
2024-04-08,1733551620.0
2024-04-09,1721157394.0
2024-04-10,1719648258.0
2024-04-11,1722265505.0
2024-04-12,1716495843.0
2024-04-13,1732442674.0
2024-04-14,1725703645.0
2024-04-15,1714484681.0
2024-04-16,1737791905.0
2024-04-17,1749758306.0
2024-04-18,1770644092.0
2024-04-19,1787500505.0
2024-04-20,1787223380.0
2024-04-21,1782754115.0
2024-04-22,1764715071.0
2024-04-23,1786583085.0
2024-04-24,1838022922.0
2024-04-25,1841705251.0
2024-04-26,1838491717.0
2024-04-27,1835874340.0
2024-04-28,1848376792.0
2024-04-29,1858748633.0
2024-04-30,1887019863.0
2024-05-01,1904856306.0
2024-05-02,1900525171.0
2024-05-03,1924450028.0
2024-05-04,1927195463.0
2024-05-05,1930568946.0
2024-05-06,1927391791.0
2024-05-07,1938127137.0
2024-05-08,1989594074.0
2024-05-09,1972549666.0
2024-05-10,2021376255.0
2024-05-11,2012273243.0
2024-05-12,2009892226.0
2024-05-13,2018219667.0
2024-05-14,2035984268.0
2024-05-15,2049720691.0
2024-05-16,2112169833.0
2024-05-17,2119127078.0
2024-05-18,2067811833.0
2024-05-19,2018664917.0
2024-05-20,2017532052.0
2024-05-21,2031623059.0
2024-05-22,2035677522.0
2024-05-23,2083439196.0
2024-05-24,2061590052.0
2024-05-25,2122341538.0
2024-05-26,2129421954.0
2024-05-27,2135072843.0
2024-05-28,2110181151.0
2024-05-29,2056401618.0
2024-05-30,1910385429.0
2024-05-31,1903505989.0
2024-06-01,1900260125.0
2024-06-02,1902942504.0
2024-06-03,1900340041.0
2024-06-04,1893398877.0
2024-06-05,1922944660.0
2024-06-06,1960442940.0
2024-06-07,1942055421.0
2024-06-08,1932349560.0
2024-06-09,1943562899.0
2024-06-10,1948758754.0
2024-06-11,1979261660.0
2024-06-12,1989103962.0
2024-06-13,1987742540.0
2024-06-14,1999490082.0
2024-06-15,2010342956.0
2024-06-16,2019677591.0
2024-06-17,2028442104.0
2024-06-18,2040461753.0
2024-06-19,2046683531.0
2024-06-20,2012718652.0
2024-06-21,2022590648.0
2024-06-22,1992501514.0
2024-06-23,1999972051.0
2024-06-24,2007445924.0
2024-06-25,1826859565.0
2024-06-26,1842318729.0
2024-06-27,1662175415.0
2024-06-28,1674045840.0
2024-06-29,1679166596.0
2024-06-30,1698039447.0
2024-07-01,1694416701.0
2024-07-02,1726803971.0
2024-07-03,1736436763.0
2024-07-04,1765033463.0
2024-07-05,1766548376.0
2024-07-06,1795641216.0
2024-07-07,1801107002.0
2024-07-08,1799415725.0
2024-07-09,1801764411.0
2024-07-10,1714914924.0
2024-07-11,1752633956.0
2024-07-12,1816552863.0
2024-07-13,1898118402.0
2024-07-14,1891341384.0
2024-07-15,1876373169.0
2024-07-16,1883286990.0
2024-07-17,1944476304.0
2024-07-18,1926762338.0
2024-07-19,1957476596.0
2024-07-20,1956158171.0
2024-07-21,1959755279.0
2024-07-22,1961447912.0
2024-07-23,2003333559.0
2024-07-24,2065020648.0
2024-07-25,2046646276.0
2024-07-26,2036584019.0
2024-07-27,2015219204.0
2024-07-28,2020843423.0
2024-07-29,2004727229.0
2024-07-30,2000771713.0
2024-07-31,2011993353.0
2024-08-01,1809173266.0
2024-08-02,1828355752.0
2024-08-03,1825513794.0
2024-08-04,1824210592.0
2024-08-05,1819804736.0
2024-08-06,1843719500.0
2024-08-07,1878410384.0
2024-08-08,1915629512.0
2024-08-09,1902550887.0
2024-08-10,1924669488.0
2024-08-11,1916436521.0
2024-08-12,1931546022.0
2024-08-13,1917584545.0
2024-08-14,1963400781.0
2024-08-15,1951224945.0
2024-08-16,1962983633.0
2024-08-17,1969580027.0
2024-08-18,1966323968.0
2024-08-19,1974020307.0
2024-08-20,1985100764.0
2024-08-21,2003098894.0
2024-08-22,2006202424.0
2024-08-23,2030623907.0
2024-08-24,2036228651.0
2024-08-25,2028349599.0
2024-08-26,2026667250.0
2024-08-27,2016922900.0
2024-08-28,2024576705.0
2024-08-29,2050542977.0
2024-08-30,2060970033.0
2024-08-31,2058769936.0
2024-09-01,2054546912.0
2024-09-02,2061321147.0
2024-09-03,2043567975.0
2024-09-04,2051761243.0
2024-09-05,2045600288.0
2024-09-06,2066100147.0
2024-09-07,2045273301.0
2024-09-08,2040638438.0
2024-09-09,2036759343.0
2024-09-10,2008764713.0
2024-09-11,1976375847.0
2024-09-12,1988148962.0
2024-09-13,2000393746.0
2024-09-14,2085075041.0
2024-09-15,2065588110.0
2024-09-16,2061982521.0
2024-09-17,2071048062.0
2024-09-18,2112907545.0
2024-09-19,2154046959.0
2024-09-20,2188109616.0
2024-09-21,2227795034.0
2024-09-22,2229856330.0
2024-09-23,2225384226.0
2024-09-24,2222392093.0
2024-09-25,2232033003.0
2024-09-26,2276239321.0
2024-09-27,2295145985.0
2024-09-28,2317641220.0
2024-09-29,2316771525.0
2024-09-30,2315575576.0
2024-10-01,2344121851.0
2024-10-02,2326640311.0
2024-10-03,2303411323.0
2024-10-04,2307503166.0
2024-10-05,2301920154.0
2024-10-06,2308481059.0
2024-10-07,2293653263.0
2024-10-08,2311901802.0
2024-10-09,2305398576.0
2024-10-10,2323791311.0
2024-10-11,2322287608.0
2024-10-12,2403890109.0
2024-10-13,2398261517.0
2024-10-14,2391277332.0
2024-10-15,2417451604.0
2024-10-16,2390359384.0
2024-10-17,2276038236.0
2024-10-18,2273643518.0
2024-10-19,2294750595.0
2024-10-20,2282051505.0
2024-10-21,2271013202.0
2024-10-22,2248285557.0
2024-10-23,2160386560.0
2024-10-24,2231316532.0
2024-10-25,2224046021.0
2024-10-26,2233432592.0
2024-10-27,2227320349.0
2024-10-28,2226244651.0
2024-10-29,2249181912.0
2024-10-30,2294261542.0
2024-10-31,2244010335.0
2024-11-01,2251440216.0
2024-11-02,2253422943.0
2024-11-03,2235935934.0
2024-11-04,2235821216.0
2024-11-05,2232377166.0
2024-11-06,2186578342.0
2024-11-07,1626842992.0
2024-11-08,1649386777.0
2024-11-09,1700959521.0
2024-11-10,1698408359.0
2024-11-11,1704442738.0
2024-11-12,1688829765.0
2024-11-13,1724698193.0
2024-11-14,1727068434.0
2024-11-15,1778849192.0
2024-11-16,1781261623.0
2024-11-17,1789976913.0
2024-11-18,1791618979.0
2024-11-19,1821467616.0
2024-11-20,1871493227.0
2024-11-21,1913159316.0
2024-11-22,1939703942.0
2024-11-23,1953136635.0
2024-11-24,1955815878.0
2024-11-25,1956264333.0
2024-11-26,1959617429.0
2024-11-27,2000319063.0
2024-11-28,2020806161.0
2024-11-29,1996935012.0
2024-11-30,2000376748.0
2024-12-01,2010131069.0
2024-12-02,2024288426.0
2024-12-03,2043598953.0
2024-12-04,2030895743.0
2024-12-05,2042479363.0
2024-12-06,2076276892.0
2024-12-07,2087701373.0
2024-12-08,2075502707.0
2024-12-09,2070040564.0
2024-12-10,2104853354.0
2024-12-11,2142938660.0
2024-12-12,2233065588.0
2024-12-13,2314800216.0
2024-12-14,2317629872.0
2024-12-15,2299166564.0
2024-12-16,2283522152.0
2024-12-17,2350163567.0
2024-12-18,2364881857.0
2024-12-19,2417169872.0
2024-12-20,2440907186.0
2024-12-21,2437173313.0
2024-12-22,2373640221.0
2024-12-23,2364724337.0
2024-12-24,2365586451.0
2024-12-25,2412095401.0
2024-12-26,2389886451.0
2024-12-27,2390487129.0
2024-12-28,2307671781.0
2024-12-29,2304661588.0
2024-12-30,2286479317.0
2024-12-31,2293241152.0
2025-01-01,2292384859.0
2025-01-02,2295350018.0
2025-01-03,2371917036.0
2025-01-04,2383853066.0
2025-01-05,2367907143.0
2025-01-06,2366785068.0
2025-01-07,1829708052.0
2025-01-08,1757947399.0
2025-01-09,1776702934.0
2025-01-10,1786296388.0
2025-01-11,1794262377.0
2025-01-12,1782995181.0
2025-01-13,1787420844.0
2025-01-14,1650209101.0
2025-01-15,1634432383.0
2025-01-16,1689041343.0
2025-01-17,1682293035.0
2025-01-18,1815405252.0
2025-01-19,1655614325.0
2025-01-20,1461694955.0
2025-01-21,1508346225.0
2025-01-22,1647201762.0
2025-01-23,1683033089.0
2025-01-24,1695215824.0
2025-01-25,1792315095.0
2025-01-26,1808925519.0
2025-01-27,1820534500.0
2025-01-28,1850073096.0
2025-01-29,1868887447.0
2025-01-30,1868472002.0
2025-01-31,1875253257.0
2025-02-01,1887423504.0
2025-02-02,1906136996.0
2025-02-03,1915889885.0
2025-02-04,2154751331.0
2025-02-05,2250601401.0
2025-02-06,2303209328.0
2025-02-07,2314799078.0
2025-02-08,2331795158.0
2025-02-09,2330962444.0
2025-02-10,2325917039.0
2025-02-11,2304818818.0
2025-02-12,2265409674.0
2025-02-13,2257388883.0
2025-02-14,2191438782.0
2025-02-15,2149788120.0
2025-02-16,2160111903.0
2025-02-17,2173894491.0
2025-02-18,2170654703.0
2025-02-19,2179877888.0
2025-02-20,1767020323.0
2025-02-21,1732669653.0
2025-02-22,1707439683.0
2025-02-23,1689154003.0
2025-02-24,1666943943.0
2025-02-25,1677704858.0
2025-02-26,1714962061.0
2025-02-27,1697266923.0
2025-02-28,1698484536.0
2025-03-01,1681277323.0
2025-03-02,1676470244.0
2025-03-03,1660861860.0
2025-03-04,1672562751.0
2025-03-05,1676069246.0
2025-03-06,1677069895.0
2025-03-07,1724443607.0
2025-03-08,1788999539.0
2025-03-09,1828174275.0
2025-03-10,1827882716.0
2025-03-11,1848449970.0
2025-03-12,1840922044.0
2025-03-13,1718218306.0
2025-03-14,1713614373.0
2025-03-15,1781299339.0
2025-03-16,1769243470.0
2025-03-17,1769035414.0
2025-03-18,1790659185.0
2025-03-19,1797821103.0
2025-03-20,1871480740.0
2025-03-21,1865642239.0
2025-03-22,1892679969.0
2025-03-23,1882604287.0
2025-03-24,1876030717.0
2025-03-25,1971183111.0
2025-03-26,1906039998.0
2025-03-27,1925519317.0
2025-03-28,1925923196.0
2025-03-29,1949259472.0
2025-03-30,1948263933.0
2025-03-31,1931258193.0
2025-04-01,1914987949.0
2025-04-02,1923515054.0
2025-04-03,1965155587.0
2025-04-04,1921342064.0
2025-04-05,1930155575.0
2025-04-06,1925948938.0
2025-04-07,1928668829.0
2025-04-08,1952078120.0
2025-04-09,1612602364.0
2025-04-10,1644845593.0
2025-04-11,1679357569.0
2025-04-12,1712757436.0
2025-04-13,1708356013.0
2025-04-14,1713353392.0
2025-04-15,1735445331.0
2025-04-16,1743888636.0
2025-04-17,1695094989.0
2025-04-18,1733730206.0
2025-04-19,1760702604.0
2025-04-20,1757776803.0
2025-04-21,1744217277.0
2025-04-22,1723378842.0
2025-04-23,1719392479.0
2025-04-24,1704274044.0
2025-04-25,1700620474.0
2025-04-26,1699010387.0
2025-04-27,1688556323.0
2025-04-28,1679357665.0
2025-04-29,1695979496.0
2025-04-30,1698880193.0
2025-05-01,1670855890.0
2025-05-02,1829197005.0
2025-05-03,1861436684.0
2025-05-04,1765794071.0
2025-05-05,1811725549.0
2025-05-06,1813529759.0
2025-05-07,1825690087.0
2025-05-08,1876125379.0
2025-05-09,1822371738.0
2025-05-10,1836192273.0
2025-05-11,1819785007.0
2025-05-12,1714097187.0
2025-05-13,1725059423.0
2025-05-14,1756954663.0
2025-05-15,1776177749.0
2025-05-16,1779503816.0
2025-05-17,1774439937.0
2025-05-18,1759616779.0
2025-05-19,1756194937.0
2025-05-20,1789430228.0
2025-05-21,1805580731.0
2025-05-22,1784664016.0
2025-05-23,1816194464.0
2025-05-24,1837381004.0
2025-05-25,1839610138.0
2025-05-26,1821263750.0
2025-05-27,1819622267.0
2025-05-28,1822328512.0
2025-05-29,1840082401.0
2025-05-30,1913598624.0
2025-05-31,1935454257.0
2025-06-01,1918244326.0
2025-06-02,1914697586.0
2025-06-03,1993947217.0
2025-06-04,2035527764.0
2025-06-05,2098654937.0
2025-06-06,2111788841.0
2025-06-07,2135678569.0
2025-06-08,2135332036.0
2025-06-09,2134889410.0
2025-06-10,1771299057.0
2025-06-11,1810014163.0
2025-06-12,1845364322.0
2025-06-13,1840712469.0
2025-06-14,1375432398.0
2025-06-15,1371556886.0
2025-06-16,1370949619.0
2025-06-17,1345502620.0
2025-06-18,1270765016.0
2025-06-19,1295385409.0
2025-06-20,1273388042.0
2025-06-21,1283185078.0
2025-06-22,1260878830.0
2025-06-23,1246812910.0
2025-06-24,1245782791.0
2025-06-25,1328882369.0
2025-06-26,1352905465.0
2025-06-27,1471657980.0
2025-06-28,1466250267.0
2025-06-29,1466200956.0
2025-06-30,1437484369.0
2025-07-01,1443702051.0
2025-07-02,1572255998.0
2025-07-03,1530241913.0
2025-07-04,1571703874.0
2025-07-05,1535707757.0
2025-07-06,1531411617.0
2025-07-07,1531840407.0
2025-07-08,1575503000.0
2025-07-09,1590921695.0
2025-07-10,1607949325.0
2025-07-11,1618923838.0
2025-07-12,1614998182.0
2025-07-13,1635823103.0
2025-07-14,1622042647.0
2025-07-15,1627029504.0
2025-07-16,1620281259.0
2025-07-17,1581508161.0
2025-07-18,1662885317.0
2025-07-19,1636524538.0
2025-07-20,1630992563.0
2025-07-21,1628403867.0
2025-07-22,1627453470.0
2025-07-23,1648427160.0
2025-07-24,1683720840.0
2025-07-25,1679990773.0
2025-07-26,1708967371.0
2025-07-27,1707572648.0
2025-07-28,1707264084.0
2025-07-29,1719400009.0
2025-07-30,1687741348.0
2025-07-31,1691086631.0
2025-08-01,1664733252.0
2025-08-02,1666411029.0
2025-08-03,1661896820.0
2025-08-04,1661033036.0
2025-08-05,1636149022.0
2025-08-06,1646492446.0
2025-08-07,1654700749.0
2025-08-08,1727695407.0
2025-08-09,1749231294.0
2025-08-10,1685310598.0
2025-08-11,1679508590.0
2025-08-12,1700731675.0
2025-08-13,1692564829.0
2025-08-14,1708421261.0
2025-08-15,1742834120.0
2025-08-16,1830481789.0
2025-08-17,1825751052.0
2025-08-18,1716834259.0
2025-08-19,1730647390.0
2025-08-20,1728319485.0
2025-08-21,1727284168.0
2025-08-22,1768551597.0
2025-08-23,1763309639.0
2025-08-24,1810230546.0
2025-08-25,1912036002.0
2025-08-26,1969066492.0
2025-08-27,1965889246.0
2025-08-28,1963483825.0
2025-08-29,1994834610.0
2025-08-30,2067032439.0
2025-08-31,2089801717.0
2025-09-01,2143413824.0
2025-09-02,2177893950.0
2025-09-03,2269780712.0
2025-09-04,2276473267.0
2025-09-05,2274876892.0
2025-09-06,2272708363.0
2025-09-07,2268707060.0
2025-09-08,2264386041.0
2025-09-09,2295984091.0
2025-09-10,2303971060.0
2025-09-11,2393096444.0
2025-09-12,2372872446.0
2025-09-13,2436594509.0
2025-09-14,2386530969.0
2025-09-15,2387360172.0
2025-09-16,2423128569.0
2025-09-17,2216917279.0
2025-09-18,2222676234.0
2025-09-19,2252580674.0
2025-09-20,2284800168.0
2025-09-21,2274791269.0
2025-09-22,2274221171.0
2025-09-23,2255568735.0
2025-09-24,2193114474.0
2025-09-25,1587744396.0
2025-09-26,1648234932.0
2025-09-27,1711843289.0
2025-09-28,1737916079.0
2025-09-29,1737943355.0
2025-09-30,1739726742.0
2025-10-01,1763452381.0
2025-10-02,1958401626.0
2025-10-03,1972184225.0
2025-10-04,2036363004.0
2025-10-05,2027223463.0
2025-10-06,2011629720.0
2025-10-07,1997807920.0
2025-10-08,2044763900.0
2025-10-09,2069399798.0
2025-10-10,2065458621.0
2025-10-11,2097814313.0
2025-10-12,2103188780.0
2025-10-13,2102565152.0
2025-10-14,2057387712.0
2025-10-15,2010177422.0
2025-10-16,1917401822.0
2025-10-17,1905610319.0
2025-10-18,1906435978.0
2025-10-19,1898568725.0
2025-10-20,1878359663.0
2025-10-21,1882080544.0
2025-10-22,1907300368.0
2025-10-23,1939380682.0
2025-10-24,2466326134.0
2025-10-25,2496966133.0
2025-10-26,2486113918.0
2025-10-27,2494433136.0
2025-10-28,2481053651.0
2025-10-29,2482588585.0
2025-10-30,2453321088.0
2025-10-31,2426712794.0
2025-11-01,2429311952.0
2025-11-02,2429897262.0
2025-11-03,2412564486.0
2025-11-04,2434854651.0
2025-11-05,2398997082.0
2025-11-06,2334343429.0
2025-11-07,2317988123.0
2025-11-08,2342890841.0
2025-11-09,2344123800.0
2025-11-10,2334411111.0
2025-11-11,2337659148.0
2025-11-12,2316671455.0
2025-11-13,2266956986.0
2025-11-14,2270565010.0
2025-11-15,2268341473.0
2025-11-16,2273117256.0
2025-11-17,2266364435.0
2025-11-18,2224649945.0
2025-11-19,2270971440.0
2025-11-20,2243700499.0
2025-11-21,2260738205.0
2025-11-22,2174125814.0
2025-11-23,2167597085.0
2025-11-24,2172370819.0
2025-11-25,2182132925.0
2025-11-26,2015056796.0
2025-11-27,2018504599.0
2025-11-28,1997488464.0
2025-11-29,1790335267.0
2025-11-30,1780735782.0
2025-12-01,1673367322.0
2025-12-02,1694636401.0
2025-12-03,1731106257.0
2025-12-04,1974479131.0
2025-12-05,1970028390.0
2025-12-06,2009510678.0
2025-12-07,2038111816.0
2025-12-08,1995805071.0
2025-12-09,1976650186.0
2025-12-10,1779631079.0
2025-12-11,1791912137.0
2025-12-12,1736238048.0
2025-12-13,1695616108.0
2025-12-14,1657699803.0
2025-12-15,1662041180.0
2025-12-16,1681493701.0
2025-12-17,1708582591.0
2025-12-18,1707074363.0
2025-12-19,1702627142.0
2025-12-20,1707190929.0
2025-12-21,1742062669.0
2025-12-22,1706840864.0
2025-12-23,1681185067.0
2025-12-24,1685516415.0
2025-12-25,1688844781.0
2025-12-26,1718383992.0
2025-12-27,1715830238.0
2025-12-28,1716761895.0
2025-12-29,1720701494.0
2025-12-30,1709849885.0
2025-12-31,1741439963.0
2026-01-01,1779164919.0
2026-01-02,1777752911.0
2026-01-03,1766289718.0
2026-01-04,1764348281.0
2026-01-05,1764111137.0
2026-01-06,1749615404.0
2026-01-07,1734335393.0
2026-01-08,1682912908.0
2026-01-09,1724975859.0
2026-01-10,1746298637.0
2026-01-11,1744582117.0
2026-01-12,1730473661.0
2026-01-13,1729511015.0
2026-01-14,1784863161.0
2026-01-15,1815535064.0
2026-01-16,1794698965.0
2026-01-17,1799019520.0
2026-01-18,1796404457.0
2026-01-19,1790206357.0
2026-01-20,1785780675.0
2026-01-21,1784635491.0
2026-01-22,1821728322.0
2026-01-23,1810752789.0
2026-01-24,1843605365.0
2026-01-25,1788892379.0
2026-01-26,1777067063.0
2026-01-27,1773530820.0
2026-01-28,1818765534.0
2026-01-29,1774166374.0
2026-01-30,1757152713.0
2026-01-31,1812999913.0
2026-02-01,1835920116.0
2026-02-02,1831929691.0
2026-02-03,1850575478.0
2026-02-04,1858334367.0
2026-02-05,1880117941.0
2026-02-06,1966006650.0
2026-02-07,1918316562.0
2026-02-08,1928535236.0
2026-02-09,1934389166.0
2026-02-10,1943979110.0
2026-02-11,1835563440.0
2026-02-12,1856381506.0
2026-02-13,1889572204.0
2026-02-14,1947342999.0
2026-02-15,1944780986.0
2026-02-16,1939532401.0
2026-02-17,1893489063.0
2026-02-18,1881490357.0
2026-02-19,1839853293.0
2026-02-20,1798069979.0
2026-02-21,1788356485.0
2026-02-22,1781104164.0
2026-02-23,1775015335.0
2026-02-24,1712688587.0
2026-02-25,1763679619.0
2026-02-26,1774215147.0
2026-02-27,1776035485.0
2026-02-28,1796622715.0
2026-03-01,1786213338.0
2026-03-02,1776377302.0
2026-03-03,1787808535.0
2026-03-04,1772479529.0
2026-03-05,1880630180.0
2026-03-06,1863203233.0
2026-03-07,1887278931.0
2026-03-08,1883770214.0
2026-03-09,1872074947.0
2026-03-10,1906032331.0
2026-03-11,1920611958.0
2026-03-12,1941583888.0
2026-03-13,1946238548.0
2026-03-14,1937357561.0
2026-03-15,1935060742.0
2026-03-16,1937186371.0
2026-03-17,1956515733.0
2026-03-18,1723652506.0
2026-03-19,1738686703.0
2026-03-20,1743002339.0
2026-03-21,1747460374.0
2026-03-22,1749994537.0
2026-03-23,1742322037.0
2026-03-24,1725122171.0
2026-03-25,1684942709.0
2026-03-26,1688627463.0
2026-03-27,1681982427.0
2026-03-28,1675003001.0
2026-03-29,1540345787.0
2026-03-30,1529342859.0
2026-03-31,1518559537.0
2026-04-01,1542411240.0
2026-04-02,1538872397.0
2026-04-03,1547166024.0
2026-04-04,1534054668.0
2026-04-05,1533301433.0
2026-04-06,1531538397.0
2026-04-07,1522230215.0
2026-04-08,1533527881.0
2026-04-09,1528029365.0
2026-04-10,1539114012.0
2026-04-11,1572280820.0
2026-04-12,1565448250.0
2026-04-13,1518944009.0
2026-04-14,1590389758.0
2026-04-15,1646550413.0
2026-04-16,1678391619.0
2026-04-17,1632337500.0
2026-04-18,1634753256.0
2026-04-19,1622373278.0
2026-04-20,1613595419.0
2026-04-21,1551290003.0
2026-04-22,1549667112.0
2026-04-23,1552385397.0
2026-04-24,1557240188.0
2026-04-25,1613119347.0
2026-04-26,1547204762.0
2026-04-27,1540937966.0
2026-04-28,1518273167.0
2026-04-29,1545319840.0
2026-04-30,1543894787.0
2026-05-01,1523612564.0
2026-05-02,1534361371.0
2026-05-03,1528555823.0
2026-05-04,1521602471.0
2026-05-05,1491535659.0
2026-05-06,1550696168.0
2026-05-07,1565314939.0
2026-05-08,1620725598.0
2026-05-09,1664182985.0
2026-05-10,1686440344.0
2026-05-11,1685011860.0
2026-05-12,1684798993.0
2026-05-13,1665246043.0
2026-05-14,1606109847.0
2026-05-15,1617435472.0
2026-05-16,1535380521.0
2026-05-17,1526756300.0
2026-05-18,1522921796.0
2026-05-19,1418470198.0
2026-05-20,1776332239.0
2026-05-21,1777789837.0
2026-05-22,1789033049.0
2026-05-23,1778096747.0
2026-05-24,1766918571.0
2026-05-25,1764055166.0
2026-05-26,1754508241.0
2026-05-27,1761615214.0
2026-05-28,1724524132.0
2026-05-29,1483311938.0
2026-05-30,1505476573.0
2026-05-31,1482363303.0
2026-06-01,1467553823.0
2026-06-02,1464875297.0
2026-06-03,1500600559.0
2026-06-04,1511649970.0
2026-06-05,1423272691.0
2026-06-06,1451283998.0
2026-06-07,1430871675.0
2026-06-08,1369842177.0
2026-06-09,1465632776.0
2026-06-10,1441985975.0
2026-06-11,1420731195.0
2026-06-12,1415008421.33
